,Tags,mean,std,CoefVariance
1,FlowC1,0.5157523909503934,0.25090562931534083,0.4864846653507297
0,Temp1,0.41225306327416744,0.5211719857578646,1.2642040343342726
4,Diff_Temp1,0.17457436351404612,0.14400596805923896,0.824897568924273
8,Normal Noise,0.11759279125495141,0.09443716505588887,0.8030863460936213
